Título,Notícia,Data-Hora,Link
"Após fala de Eduardo Bolsonaro, presidente liga para Xi Jinping e “reforça laços de amizade”","O presidente Jair Bolsonaro telefonou nesta terça-feira (24) para o presidente da China,  Xi Jinping. A ligação ocorre na semana seguinte que Eduardo Bolsonaro, primeiro filho do presidente, culpou a China pela propagação do novo coronavírus. A publicação da mensagem do parlamentar nas redes sociais gerou reação por parte da embaixada da China. ""Nesta manhã , em ligação telefônica com o Presidente da China, Xi Jinping, reafirmamos nossos laços de amizade, troca de informações e ações sobre o covid-19 e ampliação de nossos laços comerciais"", disse Bolsonaro, no Twitter. Durante a ligação o presidente estava acompanhado do chanceler, Ernesto Araújo; da ministra da Agricultura, Tereza Cristina; e do ministro do Meio Ambiente, Ricardo Salles.",2020-03-24 10:05:00,https://www.gazetadopovo.com.br/republica/breves/apos-fala-de-eduardo-bolsonaro-presidente-liga-para-xi-jinping-e-reforca-lacos-de-amizade/
Atuação de Bolsonaro contra coronavírus é aprovada por 56% de seus eleitores,"A atuação do presidente Jair Bolsonaro no combate ao coronavírus é aprovada por 56% de seus eleitores. Os dados foram divulgados pelo Datafolha nesta terça-feira (24) na Folha de S.Paulo. Para 26%, a atuação de Bolsonaro é regular, enquanto 14% consideram ruim ou péssima. Não sabem somam 3%. O levantamento também questionou os eleitores de Bolsonaro sobre a atuação do Ministério da Saúde, comandado pelo ministro Luiz Henrique Mandetta. Para 64% o trabalho da pasta contra o coronavírus é ótimo ou bom. Consideram regular a atuação, 25%; ruim e péssimo, 10%. Não sabe representa 1%. Foram ouvidos 1.558 eleitores, por telefone, entre os dias 18 e 20 de março. A margem de erro da pesquisa é de três pontos percentuais.",2020-03-24 09:53:00,https://www.gazetadopovo.com.br/republica/breves/atuacao-de-bolsonaro-contra-coronavirus-aprovada/
Doria exibe resultado do teste para coronavírus,"O governador de São Paulo, João Doria (PSDB), exibiu em suas redes sociais o resultado do exame para coronavírus. ""Resultado negativo do meu teste para COVID-19. Obrigado pelas inúmeras mensagens de carinho e apoio que recebi nas últimas horas. Seguiremos na torcida pela rápida recuperação do Dr David Uip e no enfrentamento ao coronavírus para salvar vidas em São Paulo"", escreveu no Twitter. Doria fez o teste depois que Davi Uip, coordenador do Centro de Contingência do Coronavírus, testou positivo para a doença.",2020-03-24 09:00:00,https://www.gazetadopovo.com.br/republica/breves/doria-resultado-teste-negativo-para-coronavirus/
"Para 79% dos brasileiros, economia do Brasil será muito afetada pelo coronavírus","Uma pesquisa publicada nesta terça-feira (24) revela que 79% dos brasileiros acreditam que a economia será muito afetada pela pandemia de coronavírus. O levantamento aponta ainda que 50% dizem que a economia brasileira será prejudicada por muito tempo. Já 57% responderam que a renda pessoal diminuirá no período. A pesquisa foi feita pelo Datafolha, com 1.558 pessoas, por telefone, entre os dias 18 e 20 de março. O levantamento tem margem de erro de três pontos percentuais.",2020-03-24 08:48:00,https://www.gazetadopovo.com.br/republica/breves/pesquisa-coronavirus-economia-do-brasil/
Irã é incluído em lista de países com restrição para estrangeiros entrarem no Brasil,"Uma portaria publicada na segunda-feira (23) pelo governo federal incluiu o Irã na lista de países com restrição para entrada de estrangeiros no Brasil, por via aérea, provenientes desses países. A medida foi editada em razão do combate ao coronavírus e amplia a lista anterior que já contava com China, União Europeia, Islândia, Noruega, Suíça, Grã-Bretanha e Irlanda do Norte, Austrália, Japão, Malásia e Coreia. A medida vale por 30 dias e está assinada pelos ministros Sérgio Moro (Justiça), Luiz Henrique Mandetta (Saúde), Tarcísio de Freitas (Infraestrutura) e Braga Netto (Casa Civil). A portaria estabelece critérios e casos específicos que são permitidos. Veja aqui.",2020-03-24 07:56:00,https://www.gazetadopovo.com.br/republica/breves/ira-entra-na-lista-do-governo-de-paises-com-restricao-para-entrar-no-brasil/
"“Medidas extremas podem ser ainda mais nocivas”, alerta Bolsonaro","O presidente Jair Bolsonaro comentou sobre os efeitos do coronavírus na economia. Em uma publicação no Twitter, na noite de segunda-feira (23), o presidente afirmou que medidas extremas podem ser mais nocivas do que a própria doença. ""A epidemia afeta diretamente a todos, mas medidas extremas sem planejamento e racionalidade podem ser ainda mais nocivas do que a própria doença no longo prazo. Quando falamos em proteger empregos, também estamos falando de preservar a vida das pessoas. É isso que faremos!"", escreveu.",2020-03-24 07:32:00,https://www.gazetadopovo.com.br/republica/breves/413709/
Governo vai ao STF para evitar ampliação de acesso ao BPC aprovado no Congresso,"A Advocacia-Geral da União apresentou ação ao Supremo Tribunal Federal na tentativa de derrubar a ampliação de concessão do Benefício de Prestação Continuada, estendida por decisão do Congresso ao derrubar veto do presidente Jair Bolsonaro. De acordo com matéria publicada no blog do jornalista Fausto de Macedo em O Estado de S.Paulo, o pedido enviado pela AGU e assinado também por Bolsonaro afirma que o aumento na despesa pressiona o orçamento federal, limitando recursos que poderiam ser destinados ao combate do coronavírus no país. Conforme o documento, as despesas extras com o aumento de alcance do benefício ""potencialmente se apresentam como um fator negativo de implementação de medidas emergenciais indispensáveis para o momento”.",2020-03-23 22:51:00,https://www.gazetadopovo.com.br/republica/breves/governo-vai-ao-stf-para-evitar-ampliacao-de-acesso-ao-bpc-aprovado-no-congresso/
Maia admite uso de fundos eleitoral e partidário para combate à pandemia,"O presidente da Câmara, Rodrigo Maia (DEM-RJ), afirmou em entrevista à CNN que o governo pode usar todos os recursos disponíveis, inclusive dinheiro dos fundos eleitoral (que financia as campanhas eleitorais)e partidário (que custeia as despesas de partidos) para combater a crise causada pela pandemia do coronavírus. ""O governo entendendo que precisa usar os R$ 2 bilhões, eu não vejo problema"", disse. A possibilidade, admitida por Maia também é tema de projetos apresentados na Câmara.  ""O tamanho do nosso problema não é pequeno, é muito grande. Todos os recursos que o governo entender necessário, certamente ele vai poder usar, de todos os Poderes"", complementou.",2020-03-23 22:31:00,https://www.gazetadopovo.com.br/republica/breves/maia-admite-uso-de-fundos-eleitoral-e-partidario-para-combate-a-pandemia/
Rosa Weber diz que debate sobre adiamento de eleições é precoce,"A presidente do Tribunal Superior Eleitoral (TSE), ministra Rosa Weber, disse nesta segunda-feira (23) que a discussão sobre o adiamento das eleições municipais de outubro é “precoce”. Em nota à imprensa, a ministra se manifestou pela primeira vez após políticos defenderem o adiamento do pleito devido à pandemia do novo coronavírus. Segundo a Agência Brasil, Rosa Weber lembrou que na semana passada o plenário do TSE rejeitou pedido para adiar datas dos procedimentos preparatórios do pleito. No entanto, a presidente disse que “a evolução diária do quadro fático está a exigir permanente reavaliação das providências”. A hipótese de não realização das eleições no mês de outubro foi levantada inclusive pelo ministro da Saúde, Luiz Henrique Mandetta.",2020-03-23 21:51:00,https://www.gazetadopovo.com.br/republica/breves/rosa-weber-diz-que-debate-sobre-adiamento-de-eleicoes-e-precoce/
Promotoria intima médica que vendeu “soro da imunidade” pelo Instagram,"A médica Isabella Abdalla deverá prestar esclarecimentos ao Ministério Público de São Paulo nesta terça (24) sobre um vídeo publicado no Instagram no qual ela faz propaganda de um ""soro da imunidade"" contra o novo coronavírus. O promotor Ramon Lopes Neto, de Ribeirão Preto, ouvirá Abdalla em inquérito civil. No vídeo, gestantes tomam o ""soro"" e Isabella afirma que ""todo mundo vai ficar imune do corona"". Ela ainda explica que ele seria composto por ""alta dose de vitamina C, outras vitaminas e antioxidantes"". Não existe qualquer estudo que indique que o coquetel oferecido por Isabella tenha efeito de proteger contra o coronavírus, afirma a Promotoria. ""A resolução 1.974 do Conselho Federal de Medicina proíbe médicos de fazer propaganda de método ou técnica não aceito pela comunidade científica."" Após a repercussão da mensagem sobre o ""soro da imunidade"", a médica bloqueou suas redes sociais.",2020-03-23 21:34:00,https://www.gazetadopovo.com.br/republica/breves/promotoria-intima-medica-que-vendeu-soro-da-imunidade-pelo-instagram/
TRF5 barra tentativa da União de confiscar respiradores comprados pelo Recife,"O presidente em exercício do Tribunal Regional Federal da 5ª Região, desembargador federal Lázaro Guimarães, deu provimento parcial a um pedido feito pelo município do Recife, para evitar a requisição, pela União, de mais de 200 ventiladores pulmonares já adquiridos pela prefeitura junto a três empresas fornecedoras do equipamento. Na decisão proferida na noite do domingo (22), o magistrado determinou que as empresas deverão entregar os equipamentos para serem usados em UTIs da cidade, a fim de serem usados no tratamento dos pacientes em situação grave devido à contaminação pelo novo coronavírus. Segundo o magistrado, a ação da União poderia inutilizar o esforço do município para combater a pandemia e levar a rede municipal de saúde ao colapso. A decisão é liminar e o governo ainda pode recorrer.",2020-03-23 21:02:00,https://www.gazetadopovo.com.br/republica/breves/trf5-barra-tentativa-da-uniao-de-confiscar-respiradores-comprados-pelo-recife/
Bolsonaro pediu que Guedes revisse MP que previa suspensão de contratos: “Estou apanhando muito”,"Em nova entrevista, desta vez concedida ao jornal O Estado de S. Paulo, o ministro da Economia, Paulo Guedes, voltou a falar sobre a Medida Provisória 927, que previa a suspensão de contratos de trabalho por quatro meses. Ao Estadão, Guedes disse que o objetivo do governo era proteger os trabalhadores da demissão, mas que ""faltou colocar a suplementação salarial"" que seria fornecida pelo governo nos casos de suspensão do contrato. ""Escreveram de uma forma que não se conseguiu explicar direito"", disse o ministro. Segundo ele, por conta da repercussão, o presidente Jair Bolsonaro o questionou sobre o episódio, por telefone. ""Tira, porque eu estou apanhando muito. Vocês arredondam e depois mandam"", teria afirmado o presidente. Mais cedo, o ministro já havia dito que o texto continha um ""erro de redação"".",2020-03-23 20:59:00,https://www.gazetadopovo.com.br/republica/breves/bolsonaro-paulo-guedes-medida-provisoria-suspensao-contratos/
"Onyx promete 14,3 milhões de famílias no Bolsa Família em abril","O ministro da Cidadania, Onyx Lorenzoni, afirmou que 14,3 milhões de famílias estarão no Bolsa Família em abril. De acordo com ele, um número inédito. A declaração foi feita em coletiva de imprensa no Palácio do Planalto após reuniões do presidente Jair Bolsonaro com governadores do Norte e do Nordeste. Aos governadores, Bolsonaro anunciou a ampliação do programa para incluir 1,505 milhão de famílias no auxílio. A medida ""praticamente zera a fila"" das pessoas que esperam para receber o benefício, afirmou. Na sexta-feira (20) a pasta de Onyx anunciou a suspensão por quatro meses de qualquer bloqueio no Bolsa Família.",2020-03-23 20:09:00,https://www.gazetadopovo.com.br/republica/breves/onyx-promete-143-milhoes-de-familias-no-bolsa-familia-em-abril/
Juíza derruba a própria decisão e libera investigação contra Flavio Bolsonaro,"A desembargadora Suimei Meira Cavalieri, do Tribunal de Justiça do Rio de Janeiro, autorizou que o Ministério Público dê seguimento a investigação de desvios no gabinete de Flávio Bolsonaro, em um suposto esquema de rachadinha quando o senador e filho do presidente Jair Bolsonaro ainda era deputado na Assembleia Legislativa do RJ. A apuração de supostos crimes havia sido interrompida no início do mês por liminar concedida anteriormente pela própria magistrada. No despacho desta segunda-feira (23), a magistrada escreveu - entre outros pontos - que com a suspensão das sessões do TJ-RJ por causa do coronavírus, a liminar deveria ser revogada para que as apurações prossigam, sob risco de suspensão indefinida do caso. As informações são do jornal O Estado de S.Paulo.",2020-03-23 19:51:00,https://www.gazetadopovo.com.br/republica/breves/juiza-derruba-a-propria-decisao-e-libera-investigacao-contra-flavio-bolsonaro/
"Eike Batista fecha delação premiada com PGR, diz colunista","O Ministério Público Federal teria firmado acordo de delação premiada com o empresário Eike Batista. De acordo com informação publicada na coluna do jornalista Lauro Jardim em O Globo, Batista pagará multa de R$ 800 milhões além de permanecer preso em regime fechado durante um ano, seguido de outro em prisão domiciliar e dois anos em semi-aberto.",2020-03-23 19:27:00,https://www.gazetadopovo.com.br/republica/breves/eike-batista-fecha-delacao-premiada-com-pgr-diz-colunista/
"“Houve má interpretação”, diz secretário sobre MP que liberava suspensão de contrato","O secretário especial de Previdência e Trabalho do Ministério da Economia, Bruno Bianco, afirmou que houve ""má interpretação"" do dispositivo da MP (Medida Provisória) nº 927 que previa a possibilidade de suspender contratos de trabalho por 4 meses. Ele afirmou que ""essa hipótese já existe na Consolidação das Leis do Trabalho"" (CLT) e que essa MP ""depende necessariamente de um complemento"". ""Tão logo fosse editada, haveria uma outra, que traria, aí sim, as possibilidades de ajuda por parte do Estado para com empregados e empregadores"", afirmou. O presidente Jair Bolsonaro decidiu suspender esse artigo, de acordo com Bianco, porque houve ""uma má interpretação"". ""As pessoas estavam entendendo que não haveria nenhuma contraprestação do empregador"", e a ideia do dispositivo era um ""acordo entre empregados e empregadores"", para que o empregador pagasse os custos do empregado, ""sempre respeitando a Constituição Federal, que garante um salário mínimo para todos"". Segundo Bianco, o presidente quer celeridade para que outra MP seja publicada em breve.",2020-03-23 19:10:00,https://www.gazetadopovo.com.br/republica/breves/houve-ma-interpretacao-diz-secretario-sobre-mp-que-liberava-suspensao-de-contrato/
Coordenador do controle ao coronavírus em SP testa positivo; Doria faz exame,"O governador de São Paulo, João Doria, informou por meio do seu Twitter que o resultado do exame de Davi Uip, coordenador do Centro de Contingência do Coronavírus, deu positivo para Covid-19. Segundo Doria, o infectologista está isolado, passa bem e permanecerá em quarentena em casa. Ele foi testado após apresentar tosse e febre. O governador paulista ainda afirmou que também se submeteu ao teste e que divulgará o resultado assim que o tiver.",2020-03-23 18:35:00,https://www.gazetadopovo.com.br/republica/breves/coordenador-do-controle-ao-coronavirus-em-sp-testa-positivo/
Bolsonaro defende novo pacto federativo para o combate à covid-19,"No Twitter, o presidente Jair Bolsonaro prometeu ""acelerar a descentralização de recursos proposta no pacto federativo"" após se reunir - por meio de videoconferência - com os governadores de estados da região Norte e Nordeste nesta segunda-feira (23). Bolsonaro falou sobre o avanço das propostas (que será encaminhadas ao Congresso) como um modo de auxiliar no enfrentamento do coronavírus, dando mais autonomia a prefeitos e governadores. ""para gestão e aplicação de maior quantidade de recursos nas áreas sensíveis de cada região"". O presidente ainda defendeu a inclusão de uma cláusula de calamidade pública, com a possibilidade de utilização de recursos extras ""por ocasião do enfrentamento de uma situação adversa"".",2020-03-23 18:29:00,https://www.gazetadopovo.com.br/republica/breves/bolsonaro-defende-novo-pacto-federativo-para-o-combate-a-covid-19/
Coronavírus: país tem 1.891 pacientes diagnosticados e 34 mortes,"O Brasil tem 1.891 casos confirmados do coronavírus e chegou a 34 mortes nesta segunda-feira (23), conforme atualização divulgada pelo Ministério da Saúde. Dentre os óbitos, 30 ocorreram no estado de São Paulo e os outros 4 no Rio de Janeiro. De ontem para hoje foram mais 345 diagnósticos e 9 mortes. Como a doença já é considerada de ampla disseminação no país, a Saúde não mantém mais contagem de casos suspeitos.",2020-03-23 17:59:00,https://www.gazetadopovo.com.br/republica/breves/coronavirus-pais-de-1-891-pacientes-diagnosticados-e-34-mortes/
Guedes atribui suspensão de contratos de trabalho em MP a “erro de redação”,"O ministro da Economia, Paulo Guedes, disse que o trecho da Medida Provisória (MP) 927 que permite a suspensão de contratos de trabalho por até quatro meses, sem o pagamento de salários, foi fruto de um ""erro de redação"". ""Isso (suspensão de salário) jamais foi considerado. Houve um erro na redação da MP. O que se queria era evitar as demissões em massa, dando alguma flexibilidade de salário, mas com o governo complementando, como está sendo feito em várias economias"", disse o ministro em entrevista ao jornal O Globo. De acordo com Guedes, o texto foi publicado às pressas, o que provocou o erro. Mais cedo, o próprio presidente Jair Bolsonaro fez um post no Twitter afirmando que este trecho da MP seria revogado.",2020-03-23 17:48:00,https://www.gazetadopovo.com.br/republica/breves/paulo-guedes-suspensao-contratos-trabalho-mp/
CNJ divulga parecer para orientar juízes sobre hidroxicloroquina,"O Conselho Nacional de Justiça (CNJ) divulgou um estudo técnico elaborado pelo Hospital Sírio Libanês a respeito do uso da hidroxicloroquina e da cloroquina para orientar juízes em eventuais tomadas de decisões em pedidos pelo fornecimento dos medicamentos. O documento, com 26 páginas, concluiu que a eficácia e a segurança dessas substâncias em pacientes com o novo coronavírus (Covid-19) é incerta e seu uso de rotina para esta situação não pode ser recomendado até que os resultados dos estudos em andamento possam avaliar seus efeitos de modo apropriado. O Ministério da Saúde disse que validou o medicamento e autorizou o seu uso, mas apenas para pacientes em estado grave. O parecer ainda destaca que ""a falta deste medicamento para pacientes portadores de doenças para as quais a hidroxicloroquina está formalmente indicada — incluindo doenças crônicas autoimunes como lúpus eritematoso sistêmico e artrite reumatoide — já é uma realidade"". Leia o parecer na íntegra.",2020-03-23 17:15:00,https://www.gazetadopovo.com.br/republica/breves/cnj-divulga-parecer-para-orientar-juizes-sobre-hidroxicloroquina/
Brasileiros na Tailândia pedem ajuda do governo para voltar ao Brasil,"Um grupo de mais de 150 brasileiros que estão na Tailândia pede ajuda do governo para voltar ao Brasil. Nesta segunda (23), a embaixada do Brasil em Bangkok, na Tailândia, informou que a empresa Ethiopian Airlines está disposta a fechar um voo para São Paulo e disponibilizou um formulário para averiguar o número de interessados. O voo só deverá ocorrer se houver passageiros suficientes para viabilizá-lo. Os brasileiros reclamam que o custo do voo é muito alto (uma passagem para São Paulo em abril custa R$ 3.680), e pedem que o governo brasileiro ajude a bancar seu regresso. Uma fonte do Itamaraty diz que o governo não planeja custear voos de regresso – só o fez no caso de Wuhan, na China, em fevereiro, quando a crise do coronavírus ainda não tinha atingido diretamente o Brasil.",2020-03-23 16:11:00,https://www.gazetadopovo.com.br/republica/breves/brasileiros-tailandia-coronavirus/
Maia propõe separar despesas de combate ao coronavírus do orçamento fiscal,"O presidente da Câmara, deputado Rodrigo Maia (DEM-RJ), afirmou nesta segunda-feira (23) que vai sugerir ao governo federal a instituição de regime extraordinário fiscal de contratações para reforçar o combate ao coronavírus. A proposta é por separar o orçamento fiscal do orçamento a ser aplicado para conter a crise da covid-19 por meio de uma Proposta de Emenda à Constituição (PEC). De acordo com informações publicadas pela Folha de S.Paulo, a proposta é pela criação de um Orçamento de guerra, aumentando a segurança para a execução das despesas relacionadas ao enfrentamento da pandemia.",2020-03-23 16:02:00,https://www.gazetadopovo.com.br/republica/breves/maia-propoe-separar-combate-ao-coronavirus-do-orcamento-fiscal/
STF proíbe cortes no Bolsa Família no Nordeste,"Uma decisão liminar do ministro do STF Marco Aurélio Mello nesta segunda-feira (23) proíbe o corte de benefícios do Bolsa Família na região Nordeste. O pedido foi feito pelos governos dos estados da Bahia, Ceará, Maranhão, Paraíba, Pernambuco, Piauí e Rio Grande do Norte. Na decisão, o ministro ainda determinou que a União apresente dados que indiquem o motivo de cortes realizados até o momento. Em nota, o Ministério da Cidadania informou que uma portaria publicada na última sexta suspendeu os bloqueios e cancelamentos dos benefícios do Bolsa Família por, pelo menos, 120 dias. A pasta ainda informou que 1,2 milhão de famílias devem ser incluídas no programa social.",2020-03-23 15:59:00,https://www.gazetadopovo.com.br/republica/breves/stf-proibe-cortes-no-bolsa-familia-no-nordeste/
Proposta prevê álcool em gel gratuito para grupo de risco do novo coronavírus,"Um projeto de lei (666/2020) que tramita na Câmara dos Deputados prevê distribuição gratuita de álcool em gel para pessoas de baixa renda e também ao grupo de risco do novo coronavírus (Covd-19). De acordo com a proposta do deputado Helder Salomão (PT-ES), terão direito ao produto que ajuda na prevenção da doença beneficiários do Bolsa Família, o cidadão que tem renda familiar inferior a dois salários mínimos, idosos, diabéticos, transplantados e aquelas pessoas com doenças graves como cardiopatias, problemas no fígado, doenças degenerativas, entre outras. Segundo o texto, o álcool gel antisséptico será distribuído gratuitamente pelo Ministério da Saúde e os gastos serão custeados pelo Fundo Nacional de Saúde e a distribuição feita pelo Sistema Único de Saúde (SUS). O projeto ainda não foi despachado às comissões correspondentes, mas poderá ser incluído na pauta de votações do Sistema de Deliberação Remota do Plenário.",2020-03-23 15:43:00,https://www.gazetadopovo.com.br/republica/breves/proposta-preve-alcool-em-gel-gratuito-para-grupo-de-risco-do-novo-coronavirus/
"Com tosse e febre, infectologista que lidera combate ao coronavírus em SP faz teste","O infectologista David Uip, chefe do Centro de Contingenciamento do Coronavírus, apresentou tosse e febre e realizou nesta segunda-feira (23) o teste para a Covid-19. Uip, que tem 67 anos, aguarda o resultado do exame e faz parte do grupo de risco. O infectologista foi examinado no Hospital Sírio-Libanês, onde ele mesmo coordena o departamento de Infectologia. No Palácio dos Bandeirantes, a notícia deixou o primeiro escalão do governo em alerta, uma vez que o médico vem participando de mais de uma reunião diária com o secretário estadual de Saúde, José Henrique Germann, e com o governador João Doria (PSDB). A notícia foi informada pelo próprio governador, afirmando buscar transparência.",2020-03-23 15:25:00,https://www.gazetadopovo.com.br/republica/breves/infectologista-davi-uip-coronavirus-em-sp-faz-teste/
"Prazo de entrega do IRPF não foi alterado, diz secretário da Receita","O secretário da Receita Federal, José Tostes, negou qualquer mudança no prazo final de entrega da declaração do Imposto de Renda da Pessoa Física (IRPF), que acaba em 30 de abril. Segundo Tostes, a notícia sobre adiamento é ""improcedente"". O Sindicato Nacional dos Auditores Fiscais da Receita (Sindifisco) entregou ofício para ampliar o prazo de entrega da declaração de 2020 até o dia 31 de maio. De acordo com o jornal O Estado de S. Paulo, setores empresariais também estão solicitando o adiamento do IRPF devido a dificuldades relacionadas à documentação dos rendimentos de seus trabalhadores usada na elaboração do DIRPF.",2020-03-23 14:24:00,https://www.gazetadopovo.com.br/republica/breves/prazo-de-entrega-declaracao-do-irpf/
Bolsonaro revoga trecho da MP que suspende contrato de trabalho sem salário,"O presidente Jair Bolsonaro recuou, nesta segunda-feira (23), e revogou um trecho da MP 927 que suspende o contrato de trabalho por quatro meses sem o pagamento de salário, mas com possibilidade de ajuda compensatória. O anúncio foi feito pelo Twitter no início da tarde. ""Determinei a revogação do art. 18 da MP 927 que permitia a suspensão do contrato de trabalho por até 4 meses sem salário"", escreveu o presidente. A MP foi alvo de críticas de chefes de outros Poderes e órgãos do judiciário.",2020-03-23 14:01:00,https://www.gazetadopovo.com.br/republica/breves/bolsonaro-revoga-trecho-da-mp-que-suspende-contrato-de-trabalho-sem-salario/
Deputado quer proibir cortes de água e luz durante crise do coronavírus,"Um projeto de lei (695/2020) que tramita na Câmara dos Deputados quer proibir o corte dos serviços de água, luz e gás encanado de consumidores inadimplentes durante a crise do coronavírus (Covid-19). A proposta, de autoria do deputado Marcão Gomes (PL-RJ), ainda determina o restabelecimento dos cortes já realizados. Para o parlamentar, a medida é necessária para garantir o isolamento social imposto pelas autoridades. O projeto ainda será analisado pelas comissões, mas, se houver acordo, poderá ser incluído na pauta de Sistema de Deliberação Remota do Plenário. Leia a proposta na íntegra.",2020-03-23 13:48:00,https://www.gazetadopovo.com.br/republica/breves/deputado-quer-proibir-cortes-de-agua-e-luz-durante-crise-do-coronavirus/
"Guedes testa negativo para coronavírus, mas cumpre agenda por videoconferência","O ministro da Economia, Paulo Guedes, fez teste para identificar se foi contaminado pelo novo coronavírus - o exame apontou negativo. O ministro vai trabalhar no Rio de Janeiro nesta segunda-feira (23), segundo a assessoria, por cautela e por estar no grupo de risco, devido à idade. Todos os seus compromissos serão feitos por meio de videoconferência, inclusive com o presidente Jair Bolsonaro. Ele participa da reunião com governadores do Nordeste e do Norte.",2020-03-23 13:34:00,https://www.gazetadopovo.com.br/republica/breves/guedes-testa-negativo-para-coronavirus-mas-cumpre-agenda-por-videoconferencia/
Damares lança cartilha para os jovens sobre prevenção ao coronavírus,"A Secretaria Nacional da Juventude (SNJ) lançou uma cartilha sobre o papel da juventude na prevenção do Covid-19. Vinculada ao Ministério da Mulher, da Família e dos Direitos Humanos, a secretaria quer mobilizar os jovens brasileiros a se unirem na luta contra o coronavírus. O material traz algumas dicas sobre prevenção, os principais sintomas e como ocorre a transmissão da doença. Além disso, a pasta criou na semana passada um comitê técnico para elaboração de iniciativas de promoção e defesa dos direitos humanos. O grupo, formado pelos secretários nacionais das oito unidades do MMFDH ou seus substitutos, entre outros profissionais, tem o objetivo de contribuir com o controle da proliferação da pandemia. Acesse a cartilha aqui.",2020-03-23 13:11:00,https://www.gazetadopovo.com.br/republica/breves/damares-lanca-cartilha-para-os-jovens-sobre-prevencao-ao-coronavirus/
Coronavírus faz Porto Alegre restringir circulação de idosos por um mês,"A prefeitura de Porto Alegre publicou dois decretos que restringem a circulação de idosos na cidade por 30 dias. A medida é para conter o avanço do novo coronavírus e preservar um dos principais grupos de risco da doença. O deslocamento de pessoas com mais de 60 anos é permitido apenas para atividades ""estritamente necessárias"", como atendimento médico e hospitalar, realização de exames, vacinação e compra de itens essenciais em mercados e farmácias. A norma não é válida para quem trabalha nas áreas de saúde, segurança e outros serviços essenciais. Segundo o decreto, o idoso tem que estar com documentos pessoais e deve mostrá-los ao agente de fiscalização. Se estiver sem eles, será encaminhado para casa para a devida conferência dos dados. O morador que descumprir a restrição poderá ser multado a partir de terça (24), além de sofrer sanções administrativas, civis e penais.",2020-03-23 12:42:00,https://www.gazetadopovo.com.br/republica/breves/coronavirus-faz-porto-alegre-restringir-circulacao-de-idosos-por-um-mes/
Coronavírus pode levar Polícia Federal a adiar operações,"A Polícia Federal pode adiar por 15 dias operações em razão da pandemia de coronavírus. O diretor de investigação e combate ao crime organizado da Polícia Federal, Igor Romário de Paula, orienta delegados regionais a analisarem a possibilidade de transferir ações que demandem movimentação de agentes, deslocamento de equipes por via aérea e agrupamento de efetivo policial. O ofício indica ainda que, caso as operações sejam mantidas, as equipes de coordenação adotem cuidados básicos para proteger as equipes. O documento registra ""o extenso calendário de ações operacionais já estabelecido para os meses de março, abril e maio de 2020, com a previsão de mobilização de grande efetivo"". A Polícia Federal já havia tomado outras medidas por causa do novo coronavírus.",2020-03-23 12:09:00,https://www.gazetadopovo.com.br/republica/breves/coronavirus-pode-levar-policia-federal-a-adiar-operacoes/
MPT diz que suspensão do contrato de trabalho pode acelerar estagnação econômica,"O Ministério Público do Trabalho (MPT) divulgou uma nota criticando a medida provisória do governo que permite a suspensão do contrato de trabalho por quatros meses. Segundo o MPT, a medida interrompe abruptamente a ""circulação de recursos e expõe uma gama enorme da população a risco iminente de falta de subsistência"". ""Evidencia-se plenamente equivocado imaginar um plano de capacitação, na forma do artigo 18 da MP, em que o trabalhador ficará por 4(quatro) meses em capacitação sem receber para tanto qualquer espécie de remuneração ou aporte assistencial por parte do aparato estatal. Em linhas gerais, tem-se um permissivo geral para a suspensão do contato de trabalho, sem qualquer tipo de remuneração ou indenização para o trabalhador, o que além de tudo, acelera a estagnação econômica"", diz o MPT em nota.",2020-03-23 11:42:00,https://www.gazetadopovo.com.br/republica/breves/mpt-diz-que-suspensao-do-contrato-de-trabalho-pode-acelerar-estagnacao-economica/
Bolsonaro faz reuniões com governadores para debater coronavírus,"O presidente Jair Bolsonaro afirmou, nesta segunda-feira (23), que vai se reunir com governadores das regiões Norte e Nordeste, por videoconferência, para debater medidas de combate ao coronavírus. Na terça será a vez dos governadores do Sul, Sudeste e Centro-Oeste. As reuniões ocorrem após sucessivas críticas de Bolsonaro à atuação de governadores que adotaram ações de restrições em seus estados, especialmente na área do comércio, para prevenir a Covid-19. No domingo, em entrevista à TV Record, Bolsonaro chegou a chamar governadores de ""exterminadores de empregos"".",2020-03-23 11:13:00,https://www.gazetadopovo.com.br/republica/breves/bolsonaro-reunioes-governadores-coronavirus/
Postos e bancos poderão alterar horário de funcionamento durante pandemia,"Postos de combustíveis e bancos poderão ter o horário de funcionamento alterado durante a pandemia do coronavírus. A Agência Nacional do Petróleo, Gás Natural e Biocombustíveis (ANP) anunciou nesta segunda-feira (23) que os revendedores de combustíveis deverão funcionar, no mínimo, de 7 horas às 19 horas, de segunda-feira a sábado. Antes, a atuação prevista pela ANP era de 14 horas no mesmo período. O Banco Central também autorizou os bancos a alterarem o horário de atendimento ao público. A resolução dispensa a comunicação com 30 dias de antecedência sobre mudanças de horários; dispensa as cinco horas ininterruptas do atendimento entre 12h e 15; e determina que o aviso da mudança de horário, se houver, deve ser comunicada aos clientes pelos canais de atendimento.",2020-03-23 11:01:00,https://www.gazetadopovo.com.br/republica/breves/postos-e-bancos-horario-de-funcionamento-coronavirus/
"51% afirmam que Bolsonaro dá pouca importância ao coronavírus, diz pesquisa","Uma pesquisa divulgada nesta segunda-feira (23) pelo Instituto Paraná Pesquisas revela que 51,4% dos entrevistados consideram que o presidente Jair Bolsonaro dá ""pouca importância"" para a crise do coronavírus. Por outro lado, 11,8% acreditam que o presidente está dando ""muita importância"", enquanto 31,1% dizem que é a ""importância que deveria"". Não sabe e não opinou somam 5,7%. Entre os que consideram pouca importância o índice chega a 59,4% entre moradores do Nordeste, 62,5% entre pessoas com idades 16 e 24 anos e a 57,7% entre as mulheres. O levantamento ouviu 2.020 pessoas, entre os dias 18 e 21 de março, em 148 municípios. A margem de erro é de 2%.",2020-03-23 10:14:00,https://www.gazetadopovo.com.br/republica/breves/coronavirus-bolsonaro-da-pouca-importancia/
Governo vai editar nova MP para permitir redução proporcional de jornada e salário,"O governo vai editar uma nova medida provisória (MP) para permitir a redução em até 50% da jornada e salário de trabalhadores da iniciativa privada, mediante acordo individual entre empregador e empregado. Essa nova MP também vai permitir que os trabalhadores que ganham até dois salários mínimos atualmente e que tiverem sua jornada e salário reduzidos possam antecipar 25% do que teriam direito mensalmente caso requeressem o benefício do seguro-desemprego. Todas essas medidas fazem parte do programa antidesemprego. Na noite de domingo (22), o governo publicou uma MP com parte das medidas do programa, aquelas que não trazem impacto fiscal. A opção foi fazer uma outra MP para as medidas que têm impacto fiscal.",2020-03-23 09:47:00,https://www.gazetadopovo.com.br/republica/breves/governo-vai-editar-nova-mp-para-permitir-reducao-proporcional-de-jornada-e-salario/
"Ações excessivas podem ter efeito colateral danoso, diz Bolsonaro","O presidente Jair Bolsonaro voltou a comentar nesta segunda-feira (23) as medidas adotadas por governadores para o combate ao coronavírus, como fechar o comércio e paralisar atividades econômicas. No último domingo, o presidente chamou alguns governadores de ""exterminadores de empregos"". Ao deixar o Palácio da Alvorada nesta manhã, Bolsonaro citou a MP 927, que prevê a suspensão do contato de trabalho, e ponderou as medidas. ""A vida das pessoas está em primeiro em lugar. Agora, um detalhe. A dose do remédio não pode ser excessiva de modo que o efeito colateral seja mais danoso do que o próprio vírus. Esse é o cerne da questão”, disse.",2020-03-23 09:33:00,https://www.gazetadopovo.com.br/republica/breves/coronavirus-acoes-excessivas-efeito-colateral-danoso-bolsonaro/
Contágio no Brasil é mais lento do que na Itália e Espanha,"O tempo que o Brasil levou para ir de cem para mil casos do novo coronavírus foi maior do que outros países, como Itália e Espanha, diz O Globo. No dia 13 de março o Brasil chegou a 100 casos, enquanto em 21 de março foi registrado o milésimo teste positivo da Covid-19 – um intervalo de oito dias. Na Itália, por exemplo, esse movimento foi mais rápido, em sete dias, entre 23 e 29 de fevereiro. Na Espanha, o intervalo foi menor, de sete dias, entre 02 e 09 de março. Os dados são compilados pela universidade americana Johns Hopkins.",2020-03-23 09:21:00,https://www.gazetadopovo.com.br/republica/breves/covid-19-contagio-no-brasil-italia-e-espanha/
54% discordam da afirmação de Bolsonaro de que há “histeria” por coronavírus,"Uma pesquisa divulgada nesta segunda-feira (23) aponta que 54% dos entrevistados discordam da afirmação do presidente Jair Bolsonaro de que há “histeria” pelo surgimento do novo coronavírus. Os dados divulgados pelo Datafolha ainda revelam que 34% dos entrevistados concordam a frase do presidente, enquanto 3% nem concordam nem discordam; 8% dizem não ter opinião sobre a afirmação do presidente. A pesquisa ouviu 1.558 pessoas de 18 a 20 de março. A margem de erro é de três pontos percentuais.",2020-03-23 08:52:00,https://www.gazetadopovo.com.br/republica/breves/coronavirus-afirmacao-bolsonaro-histeria/
Bolsonaro critica governadores por medidas contra coronavírus: “Exterminadores de emprego”,"O presidente Jair Bolsonaro criticou governadores na noite do último domingo (22) ao comentar a crise de emprego originada pela paralisação de boa parte da atividade econômica. ""Mais importante que a economia é a vida. Mas nós não podemos extrapolar na dose. Com o desemprego aí, a catástrofe será maior"", declarou o presidente, em entrevista à Record TV. Na entrevista, Bolsonaro chamou ""parte"" dos governadores de ""verdadeiros exterminadores de emprego"", ao se referir às medidas de restrição de movimento e fechamento de comércios tomada por agovernadores, como João Doria (PSDB-SP) e Wilson Witzel (PSC-RJ). ""Não exterminem empregos, senhores governadores, sejam responsáveis”, enfatizou.",2020-03-23 08:18:00,https://www.gazetadopovo.com.br/republica/breves/bolsonaro-critica-governadores-por-medidas-contra-coronavirus-exterminadores-de-emprego/
Bolsonaro tem avaliação inferior a de governadores na crise do coronavírus,"Uma pesquisa divulgada pelo Datafolha nesta segunda-feira (23) sobre a gestão da crise do coronavírus revela que a avaliação do presidente Jair Bolsonaro é menor do que a de governadores. Para 35%, Bolsonaro tem desempenho ótimo ou bom, enquanto 26% consideram regular, 33% ruim ou péssimo e 5% não sabem. Já o desempenho de governadores chega a 54%, enquanto aprovação do Ministério da Saúde, comandado por Luiz Henrique Mandetta, chega a 55%. A pesquisa ouviu 1.558 pessoas de 18 a 20 de março. A margem de erro é de três pontos percentuais.",2020-03-23 07:51:00,https://www.gazetadopovo.com.br/republica/breves/coronavirus-avaliacao-bolsonaro-governadores/
Campanha de vacinação contra gripe começa nesta segunda-feira,"A campanha nacional de vacinação contra a gripe começa nesta segunda-feira (23). De acordo com Ministério da Saúde, a primeira etapa é destinada aos públicos prioritários, como idosos e trabalhadores da saúde. A vacina contra influenza não tem eficácia contra o coronavírus. No entanto, em virtude da pandemia de coronavírus, a vacinação poderá auxiliar profissionais de saúde na exclusão do diagnóstico para a Covid-19, já que os sintomas são parecidos.A campanha pode atingir cerca de 67,6 milhões de pessoas em todo o país. A meta é vacinar, pelo menos, 90% de cada um desses grupos até o dia 22 de maio. O investimento é de R$ 1 bilhão.",2020-03-23 07:29:00,https://www.gazetadopovo.com.br/republica/breves/campanha-de-vacinacao-contra-gripe-comeca-nesta-segunda-feira/
STF suspende dívida de São Paulo com a União para combate ao covid-19,"O ministro do Supremo Tribunal Federal Alexandre de Moraes acolheu um pedido do governo de São Paulo e suspendeu, por seis meses, o pagamento das parcelas mensais de R$ 1,2 bilhão da dívida pública do Estado com a União, repactuada por meio de decreto de 1997. A decisão tem como objetivo preservar verbas dos cofres paulistas para o combate ao coronavírus. Se todos os Estados buscarem essa medida, a estimativa é de que o impacto será de R$ 15 bilhões a R$ 19 bilhões. No despacho, o ministro determina que ocorra, de maneira urgente ""audiência virtual para composição entre União e Estado de São Paulo, em face da urgência e emergência da presente situação"". O estado é o que mais tem casos e vítimas do covid-19.",2020-03-22 22:24:00,https://www.gazetadopovo.com.br/republica/breves/stf-suspende-divida-de-sao-paulo-com-a-uniao-para-combate-ao-covid-19/
Estádio do Pacaembu começa a receber estrutura de hospital de campanha,"O estádio do Pacaembu começou a receber a estrutura de sustentação  metálica para a montagem de um hospital de campanha para atender as  vítimas da covid-19 de São Paulo. A acomodação da estrutura, que ficará  no gramado, começou no sábado e seguiu sendo montada no dia seguinte. Na  última sexta-feira, o prefeito Bruno Covas (PSDB) anunciou que o local,  assim como o Anhembi, seria utilizado para receber leitos hospitalares.Segundo informações da Allegra, empresa que administra o complexo do  Pacaembu, em cerca de dez dias a estrutura estará pronta para receber  uma tenda de 6.300 metros quadrados. Em seguida chegará o corpo médico e  em duas semanas o local já estará recebendo pessoas.  O  estádio receberá 200 leitos e o Anhembi terá 1.800.",2020-03-22 21:47:00,https://www.gazetadopovo.com.br/republica/breves/estadio-do-pacaembu-comeca-a-receber-estrutura-de-hospital-de-campanha/
Governo determina fechamento da fronteira com o Uruguai,"Em edição extra do Diário Oficial da União neste domingo (22), o governo federal anunciou o fechamento da fronteira com o Uruguai pelo prazo de 30 dias. O fechamento foi justificado devido à declaração de pandemia de coronavírus. A restrição, contudo, não se aplica a brasileiros, cônjuge uruguaio de brasileiros, uruguaios com filhos brasileiros, estrangeiro residente no Brasil e profissional estrangeiro em missão internacional. A portaria do governo também não impede o tráfego rodoviário de cargas. Na última quinta-feira (19), o governo já havia determinado o fechamento de fronteiras com outros oito países.",2020-03-22 20:13:00,https://www.gazetadopovo.com.br/republica/breves/governo-determina-fechamento-da-fronteira-com-o-uruguai/
Bolsonaro inclui imprensa entre serviços essenciais que não podem parar,"O presidente Jair Bolsonaro editou neste domingo (22) um decreto incluindo a imprensa como atividade essencial que não pode ser paralisada pelas medidas de enfrentamento ao novo coronavírus. O decreto diz que as restrições impostas pelas ações de combate ao vírus não podem afetar o “exercício pleno” e o funcionamento das atividades e serviços relacionados à liberdade de imprensa, incluindo a circulação dos profissionais de mídia. O texto reconhece, ainda, que os serviços de comunicação são considerados essenciais no fornecimento de informações à população e dão efetividade ao princípio constitucional da publicidade em relação aos atos praticados pelo Estado. O decreto foi publicado em edição extra do Diário Oficial da União. Na última sexta-feira (20), o presidente havia editado um primeiro decreto considerando outros serviços e atividades como essenciais.",2020-03-22 20:09:00,https://www.gazetadopovo.com.br/republica/breves/bolsonaro-inclui-imprensa-entre-servicos-essenciais-que-nao-podem-parar/
Araújo diz que ainda há cerca de 6 mil brasileiros que procuram voltar ao País,"O ministro de Relações Exteriores, Ernesto Araújo, afirmou em entrevista à CNN Brasil que ainda há cerca de seis mil viajantes brasileiros no exterior retidos por fechamentos de fronteiras e cancelamentos de voos em razão do novo coronavírus. Segundo ele, o governo já viabilizou o retorno de cerca de três mil pessoas desde o início da crise, a maioria de Portugal, Marrocos e Peru. De acordo com o ministro, há casos de brasileiros que começam a não ter onde ficar, em função do fechamento de hotéis, por exemplo.",2020-03-22 19:25:00,https://www.gazetadopovo.com.br/republica/breves/araujo-diz-que-ainda-ha-cerca-de-6-mil-brasileiros-que-procuram-voltar-ao-pais/
"Minoria dos infectados com novo coronavírus vai precisar de internação, diz Mandetta","O ministro da Saúde, Henrique Mandetta, afirmou neste domingo (22) que uma minoria das pessoas infectadas com o novo coronavírus vai necessitar de internação hospitalar. ""Metade da população brasileira não vai ter essa virose. Da metade que vai entrar em contato, mais da metade, 50%, 85% não vão ter nada [vai ficar assintomático]"", explicou Mandetta. Entre quem pegar o Covid-19, 15% vão ter sintomas leves, estimou o ministro. Somente uma minoria, dentre os que vão pegar e terão sintomas, vai precisar de internação, completou. ""Uma minoria vai necessitar de internação hospitalar. Se ocorresse ao longo do ano, seria uma gripe forte e uma epidemia para idosos.""",2020-03-22 19:08:00,https://www.gazetadopovo.com.br/republica/breves/minoria-dos-infectados-com-novo-coronavirus-vai-precisar-de-internacao-diz-mandetta/
Governo estuda antecipar formatura de estudantes de medicina,"O ministro da Saúde, Henrique Mandetta, confirmou neste domingo (22) que o governo estuda antecipar a formatura de estudantes de medicina que se formariam no meio deste ano. O objetivo é que eles possam ajudar no combate ao novo coronavírus. A ideia é que os futuros profissionais possam atuar em atendimento/triagem. Mandetta explicou que não haverá nenhum prejuízo à formação, pois os estudantes já concluíram os cinco anos teóricos e já fizeram mais de seis meses de internato (atividades práticas). “Eles já fizeram 99,9% do curso de medicina. Agora é só uma questão de burocracia”. Medida semelhante já foi adotada na Itália. O ministro disse que a decisão final será do Ministério da Educação.",2020-03-22 18:32:00,https://www.gazetadopovo.com.br/republica/breves/governo-estuda-antecipar-formatura-de-estudantes-de-medicina/
Ministro diz que distribuição de EPIs a profissionais de saúde está sendo regularizada,"O ministro da Saúde, Luiz Henrique Mandetta, disse neste domingo 22, que o governo começa a ver o início de regularização do mercado de EPIs, que são os equipamentos de proteção individual para profissionais de saúde. ""Mas, no momento, ainda achamos necessário centralizar aquisições a nível nacional"", completou. A falta de equipamentos básicos de proteção tem sido crítica constante de profissionais de saúde diretamente envolvidos no combate à pandemia de coronavírus.",2020-03-22 18:15:00,https://www.gazetadopovo.com.br/republica/breves/ministro-diz-que-distribuicao-de-epis-a-profissionais-de-saude-esta-sendo-regularizada/
Brasil tem 1.546 casos confirmados e 25 mortes por Covid-19,"O Ministério da Saúde informou neste domingo (22) que o Brasil tem 1.546 casos confirmados do novo coronavírus.  Foram relatados 418 casos a mais em relação ao balanço anterior, divulgado no sábado (23), um aumento de 37%. Já o número de mortos subiu para 25. Antes, estava em 18, um crescimento de 39%. A taxa de letalidade da doença continua a mesma: 1,6%. Os estados com mais casos confirmados são São Paulo (631), Rio de Janeiro (186) e Distrito Federal (117). Todos os estados do Brasil já têm casos confirmados. As vítimas estão em São Paulo (22) e Rio de Janeiro (3).",2020-03-22 17:17:00,https://www.gazetadopovo.com.br/republica/breves/brasil-tem-1-546-casos-confirmados-e-25-mortes-por-covid-19/
Indústrias de máquinas e equipamentos vão doar respiradores mecânicos,"Já passa de 100 o número de empresas no setor da indústria de máquinas e equipamentos que vão colocar suas linhas de produção à disposição do governo para produzir respiradores mecânicos para a rede hospitalar tratar os infectados pelo coronavírus. A informação foi passada pelo presidente da Associação Brasileira da Indústria de Máquinas e Equipamentos (Abimaq), José Velloso Dias Cardoso. A iniciativa da indústria de desenvolver uma linha de produção de respiradores com capacidade de atender dois pacientes de uma vez nasceu de uma reunião da diretoria da Abimaq ontem (21), com o secretário Especial de Produtividade, Emprego e Competitividade do Ministério da Economia (Sepec), Carlos Alexandre Da Costa, e mais cinco membros do gabinete de crise do governo federal. Pelo que sinalizou o secretário, a demanda será de 2 mil respiradores por semana para atender o pico de infectados, em abril.",2020-03-22 17:13:00,https://www.gazetadopovo.com.br/republica/breves/industrias-de-maquinas-e-equipamentos-vao-doar-respiradores-mecanicos/
Casos de coronavírus na cidade do Rio sobem para 170; aumento de 67 em um dia,"O Centro de Operações Rio (COR) atualizou neste domingo (22), o Painel Rio Covid-19, informando que subiram para 170 os casos confirmados na cidade do Rio, um aumento de 67 casos em um dia. Ontem, a cidade tinha 103 casos confirmados. O número de bairros afetados pelo vírus subiu de 29 para 33 na mesma comparação. A Barra da Tijuca, na zona oeste, continua liderando o número de confirmações, subindo de 18 para 29 desde ontem (21/3). Até o momento, a única favela a registrar um caso confirmado foi a Cidade de Deus, na zona oeste. Um grupo de moradores está circulando pela comunidade para alertar sobre o perigo de contágio e pedindo para os moradores ficarem em casa, segundo uma rede social. São 23 pessoas hospitalizadas e 12 em UTI. A faixa etária mais afetada é dos 30 a 39 anos, responsáveis por 87 dos casos.",2020-03-22 16:49:00,https://www.gazetadopovo.com.br/republica/breves/casos-de-coronavirus-na-cidade-do-rio-sobem-para-170-aumento-de-67-em-um-dia/
"Primeiro parlamentar com covid-19, Nelsinho Trad recebe alta","Infectado com o novo coronavírus, o senador Nelsinho Trad (PSD-MS) recebeu alta hospitalar neste domingo (22), informou a assessoria do parlamentar. Ele ficará em isolamento domiciliar, em Brasília. Integrante da comitiva presidencial que viajou aos Estados Unidos com Jair Bolsonaro em março, Trad foi o primeiro parlamentar a ter a covid-19 confirmada. Segundo a equipe do gabinete, Trad ""continua adotando os cuidados em casa para total recuperação da sua saúde"". A assessoria do senador disse que ele prefere não se manifestar por enquanto, até estar ""100% restabelecido"".Leia também: 23º membro da comitiva de Bolsonaro está com Covid-19",2020-03-22 16:33:00,https://www.gazetadopovo.com.br/republica/breves/primeiro-parlamentar-com-covid-19-nelsinho-trad-recebe-alta/
Bolsonaro descarta colapso na saúde e chama Doria de “lunático”,"Em entrevista à CNN Brasil na noite de sábado (21), o presidente Jair Bolsonaro disse não acreditar que haverá colapso no sistema de saúde por causa do coronavírus e que a cloroquina será importante para evitar um contágio mais rápido. Afirmou que o Hospital Albert Einstein iniciou protocolo de pesquisa, que a Fiocruz tem 4 milhões de comprimidos e que o laboratório Apsen ""está doando"" 10 milhões de unidades. ""Uma vez confirmada, vamos distribuir para todos os infectados"", disse. O presidente criticou governadores que decretaram quarentena, como João Doria (SP) e Wilson Witzel (RJ). ""Doria é um lunático. Ele nega que usou o meu nome para se eleger governador e está se aproveitando para crescer politicamente"", disse.",2020-03-22 11:26:00,https://www.gazetadopovo.com.br/republica/breves/bolsonaro-descarta-colapso-na-saude-e-chama-doria-de-lunatico/
Anac lança esforço para trazer brasileiros presos fora do país,"Diante da crise envolvendo a pandemia do coronavírus, que levou ao caos o setor aéreo, muitas pessoas estão enfrentando dificuldade para retornar ao Brasil. Diante do cenário, a Agência Nacional de Aviação Civil (Anac) está se movimentando para ajudar esses brasileiros a retornarem aos seus lares.A Anac disponibiliza a partir deste domingo (22) um formulário online para receber informações de brasileiros que têm passagem aérea comprada e não estão conseguindo voltar para o país.""Com as informações coletadas pela Anac, as autoridades brasileiras seguirão com os esforços para ajudar a viabilizar os brasileiros que tiveram seus voos cancelados em países que estão com restrições para deslocamento aéreo"", informou a Agência, em nota.Para se cadastrar, o passageiro deve acessar o endereço: http://www.anac.gov.br/brasileironoexterior",2020-03-22 10:51:00,https://www.gazetadopovo.com.br/republica/breves/anac-brasileiros-presos-fora-do-brasil/
Governo de Roraima confirma dois primeiros casos e todos os estados do Brasil têm coronavírus,"O governo de Roraima anunciou, na noite deste sábado (21), os dois primeiros casos confirmados de Covid-19, a infecção causada pelo coronavírus, no estado. Horas antes, ao comunicar os números da pandemia no país, o Ministério da Saúde havia mostrado que Roraima era o único dos 27 estados brasileiros a ainda não ter nenhum caso confirmado da doença. Com a notificação destes dois primeiros casos, todos os estados do país têm, neste momento, pacientes infectados pelo coronavírus.Leia também: Número de mortes por coronavírus no Brasil chega a 18. São 15 em São Paulo e 3 no Rio",2020-03-21 20:17:00,https://www.gazetadopovo.com.br/republica/breves/governo-de-roraima-confirma-dois-primeiros-casos-e-todos-os-estados-do-brasil-tem-coronavirus/
Brasil compra 5 milhões de testes para Covid-19,"O secretário de Vigilância em Saúde do Ministério da Saúde, Wanderson de Oliveira, anunciou, na coletiva de imprensa deste sábado, que o governo está comprando 5 milhões de testes rápidos para a identificação do coronavírus no país. Hoje, o Brasil dispõe de 27 mil kits do teste tradicional. Cada kit atende a 23 amostras, o que permitia o país testar “apenas” 621 mil pacientes. Segundo o secretário, esses 5 milhões de testes virão em uma primeira compra e serão direcionadas para profissionais de saúde e segurança, para que estes não sejam afastados do trabalha, em quarentena, apenas por suspeita da doença. O Ministério pretende, ainda, adquirir outros 5 milhões de testes para a população em geral.Leia também: Ministério da Saúde autoriza uso experimental da cloriquina em casos graves",2020-03-21 19:31:00,https://www.gazetadopovo.com.br/republica/breves/brasil-compra-5-milhoes-de-testes-para-covid-19/
Vírus atinge quase metade de comitiva de Bolsonaro nos Estados Unidos,"Quando o avião da Força Aérea Brasileira (FAB) decolou de Brasília rumo à Flórida (EUA), na manhã de 7 de março, o risco de contaminação pelo novo coronavírus não era uma preocupação do presidente Jair Bolsonaro e sua comitiva. Tanto que, nos quatro dias de compromissos nos Estados Unidos, as medidas de prevenção já recomendadas por especialistas não foram adotadas nem pelo presidente nem por seus acompanhantes. Foi durante esta viagem que Bolsonaro declarou pela primeira vez que a pandemia estava ""superdimensionada"" e era uma ""fantasia"".Contudo, 22 pessoas que estiveram no grupo foram diagnosticadas com a Covid-19, em casos confirmados até sexta-feira (20). Pelo menos 45 brasileiros se encontraram com Bolsonaro nos EUA, viajando com ele no avião da FAB ou em voos comerciais. Na prática, os infectados já correspondem à metade do grupo. O presidente já fez dois testes, que deram negativo.",2020-03-21 16:58:00,https://www.gazetadopovo.com.br/republica/breves/bolsonaro-comitiva-eua-coronavirus-covid-19/
Número de mortes por coronavírus no Brasil chega a 18. São 15 em São Paulo e 3 no Rio,"Em coletiva de imprensa no início da tarde deste sábado (21), o governador de São Paulo, João Doria (PSDB), comunicou que a quantidade de mortes no estado por coronavírus no estado subiu para 15. Com a confirmação de mais um caso no Rio de Janeiro, em Petrópolis, o Brasil já tem 18 óbitos confirmados por causa da doença. O Brasil tem 1128 casos confirmados da doença. Com o status de transmissão comunitária em todo o país, o Ministério da Saúde deixou a divulgar os casos suspeitos por compreender que, a partir deste momento, todo paciente que apresentar sintoma é um caso suspeito.Leia também: Ministério da Saúde autoriza uso experimental da cloriquina em casos graves",2020-03-21 15:05:00,https://www.gazetadopovo.com.br/republica/breves/mortes-coronavirus-brasil-2103-sp-rj/
Bolsonaro passa aniversário com filhos no Palácio do Alvorada,"A pandemia do novo coronavírus esvaziou a entrada do Palácio do Alvorada, justo no dia de aniversário de 65 anos do presidente Jair Bolsonaro. Neste sábado (21), não há turistas ou apoiadores do presidente no ""cercadinho"" onde costumam ser cumprimentados por ele.A única movimentação até agora foi dos filhos do presidente aniversariante. Mais cedo, o senador Flávio Bolsonaro (sem partido-RJ) e o vereador Carlos Bolsonaro (PSC-RJ) chegaram de carro. Já o deputado federal, Eduardo Bolsonaro (PLS-SP) praticava, pela manhã, corrida nas pistas dentro do Palácio.",2020-03-21 12:54:00,https://www.gazetadopovo.com.br/republica/breves/jair-bolsonaro-aniversario/
Rio de Janeiro confirma terceira morte  pelo novo coronavírus,"A Secretaria de Estado de Saúde do Rio de Janeiro confirmou neste  sábado, 21, a terceira morte pelo novo coronavírus no Estado. A terceira  vítima é um  idoso, morador de Petrópolis, na região serrana. Os dois  primeiros óbitos no estado foram registrados esta semana em Miguel  Pereira, no interior, e Niterói, no Grande Rio. Até o momento, o Estado do Rio registra 110 casos confirmados da doença,  distribuídos nas seguintes cidades: Rio de Janeiro (89), Niterói (10),  Petrópolis (3), Barra Mansa (1), Guapimirim (1) e Miguel Pereira (1). Há  ainda três (3) estrangeiros confirmados para a covid-19, além de dois  (2) casos com o local de residência em investigação.A morte não ainda não está no balanço nacional de casos da doença.",2020-03-21 11:38:00,https://www.gazetadopovo.com.br/republica/breves/rio-de-janeiro-confirma-terceira-morte-pelo-novo-coronavirus/
MPT recomenda que trabalhadores com sintomas gripais tenham faltas abonadas sem atestado,"A Sociedade Brasileira de Infectologia (SBI) solicitou junto ao Ministério Público do Trabalho (MPT) que recomendasse, diante da grave situação de saúde pública da Covid-19, que os trabalhadores que apresentarem resfriado ou síndrome gripal tenham suas faltas abonadas, mesmo sem atestado médico. A medida valeria pelo período de isolamento respiratório domiciliar de 14 dias e é necessária para que os trabalhadores não sobrecarreguem o sistema de saúde.A solicitação foi aceita pelo MPT e as notificações com a recomendação serão expedidas nacionalmente.",2020-03-21 10:18:00,https://www.gazetadopovo.com.br/republica/breves/mpt-sintomas-abono-faltas-atestado/
Conselho Federal de Medicina pede prorrogação de receitas de medicamentos controlados,"Em ofício enviado à Anvisa (Agência Nacional de Vigilância Sanitária), o Conselho Federal (CFM) pediu que a agência reguladora prorrogue o prazo de validade das receitas de medicamentos de uso controlado em até 90 dias.Essa decisão contempla substâncias enquadradas como antipsicóticos, antiepiléticos, antidepressivos, entre outros.",2020-03-21 09:56:00,https://www.gazetadopovo.com.br/republica/breves/cfm-anvisa-remedios-controlados/
Justiça obriga hospital que atendeu comitiva de Bolsonaro a informar lista,"A Justiça Federal do Distrito Federal determinou nesta sexta-feira (20) que o Hospital das Forças Armadas (HFA) informe imediatamente ao governo do DF a relação completa dos pacientes infectados pelo novo coronavírus. Segundo o presidente Jair Bolsonaro postou em suas redes sociais, um exame feito no HFA atestou que ele não foi infectado pela Covid-19. Em sua decisão, a juíza Raquel Soares Chiarelli também impôs uma multa de R$ 50 mil ao diretor do hospital por cada paciente que tiver a informação sonegada. Além de Bolsonaro, integrantes da comitiva presidencial que acompanharam o presidente da República em viagem aos Estados Unidos também fizeram exames na unidade. Segundo a magistrada, ""se justifica, sob nenhuma perspectiva, a negativa da União em fornecer essas informações ao Distrito Federal, que tem competência constitucional para coordenar e executar as ações e serviços de vigilância epidemiológica em seu território"". Ao todo, 22 pessoas que acompanharam Bolsonaro na viagem que fez aos Estados Unidos, na semana passada, contraíram o coronavírus.",2020-03-20 23:02:00,https://www.gazetadopovo.com.br/republica/breves/justica-obriga-hospital-que-atendeu-comitiva-de-bolsonaro-a-informar-lista/
Brasileiros realizam “aplausaço” em homenagem a profissionais da Saúde,"Moradores de São Paulo fizeram na noite desta sexta-feira (20) um ""aplausaço"" em apoio aos profissionais da Saúde que cuidam de pacientes com coronavírus. A manifestação foi convocada pelas redes sociais e teve a adesão de moradores de diversos bairros. Em alguns locais, o ato foi entremeado com gritos de ""Fora, Bolsonaro"" e ainda teve panelaço, apitaço e buzinaço. Houve manifestações de suporte aos profissionais  na capital paulista, em cidades do grande ABC, em Santos e também em municípios de outros estados, como Curitiba (PR).",2020-03-20 22:34:00,https://www.gazetadopovo.com.br/republica/breves/brasileiros-realizam-aplausaco-em-homenagem-a-profissionais-da-saude/
Passageiros são autorizados a desembarcar de cruzeiro isolado no Recife,"Passageiros a bordo de um cruzeiro atracado no Porto do Recife foram autorizados a desembarcar a partir desta sexta-feira (20), após mais de uma semana de isolamento devido a um caso do novo coronavírus no navio. A informação é da Agência Nacional de Vigilância Sanitária (Anvisa). Segundo a Agência Brasil, a retirada das 605 pessoas que estão a bordo do navio de bandeira das Bahamas (entre passageiros e tripulantes) vai ocorrer em cinco grupos, organizados conforme suas nacionalidades e os respectivos voos de retorno para seus países de origem. “Os primeiros grupos a desembarcar serão dos passageiros com destino a Austrália, Londres e Europa”, disse a agência em comunicado, indicando que a operação deve ser concluída até domingo (22). A embarcação está em isolamento desde a quinta-feira (12) da semana passada, quando um canadense de 78 anos apresentou febre, tosse e dificuldade de respirar, enquadrando-se como caso suspeito de Covid-19. O passageiro foi encaminhado para um hospital particular na capital pernambucana e posteriormente testou positivo para o vírus.",2020-03-20 21:58:00,https://www.gazetadopovo.com.br/republica/breves/passageiros-sao-autorizados-a-desembarcar-de-cruzeiro-no-recife/
"“Estado de sítio não está no nosso radar”, diz Bolsonaro","O presidente Jair Bolsonaro disse nesta sexta-feira (20) em entrevista coletiva no Palácio do Planalto, que não está no radar do governo decretar estado de sítio - medida extrema que aumenta poderes do Executivo e suspende liberdades e garantias individuais. Prevista na Constituição, o estado de sítio deve ser decretado pelo presidente com autorização da maioria absoluta do Congresso. e pode ser usada em casos de ""comoção grave de repercussão nacional"". ""Em poucas horas você decide uma situação como essa. Mas daí acho que estaríamos avançando, dando uma sinalização de pânico para a população. Nós queremos sinalizar a verdade para a população. Por enquanto, está descartado até estudar essa circunstância"", disse.",2020-03-20 20:58:00,https://www.gazetadopovo.com.br/republica/breves/estado-de-sitio-nao-esta-no-nosso-radar-diz-bolsonaro/
Bolsonaro volta a minimizar Covid-19: “não é uma gripezinha que vai me derrubar”,"Ao final de coletiva de imprensa realizada na tarde desta sexta-feira (20) em Brasília, o presidente Jair Bolsonaro mais uma vez minimizou a pandemia de Covid-19, que já matou 11 pessoas e se aproxima dos mil doentes diagnosticados no país. Ao comentar seu estado de saúde e a possibilidade de voltar a fazer testes para a detecção do coronavírus,  Bolsonaro afirmou que ""depois da facada, não vai ser uma gripezinha que vai me derrubar"".",2020-03-20 20:36:00,https://www.gazetadopovo.com.br/republica/breves/bolsonaro-volta-a-minimizar-covid-19-nao-e-uma-gripezinha-que-vai-me-derrubar/
OAB pede a suspensão de prazos nos processos administrativos,"A OAB Nacional pediu, nesta sexta (20) a suspensão de todas as publicações, intimações, audiências, sessões de julgamento e prazos em curso nos processos administrativos no âmbito da Administração Federal, até 30 de abril de 2020. Segundo a OAB, ""ficam ressalvadas as questões urgentes envolvendo, sobretudo, a concessão de benefícios aos cidadãos. O ofício, assinado pelo presidente da Ordem, Felipe Santa Cruz, foi endereçado à presidência da República. De acordo com a OAB, ""o requerimento destaca a necessidade de adesão às medidas de prevenção ao contágio e transmissão do novo coronavírus, de modo a preservar a saúde e a integridade tanto dos agentes públicos quanto dos membros da advocacia"". O documento também ressalta que vários tribunais e órgãos do sistema de Justiça do país já suspenderam os prazos judiciais em razão da pandemia.",2020-03-20 19:45:00,https://www.gazetadopovo.com.br/republica/breves/oab-pede-a-suspensao-de-prazos-nos-processos-administrativos/
Secretário rebate avaliação de que governo tenha subestimado covid-19,"O secretário especial de Fazenda do Ministério da Economia, Waldery Rodrigues, negou que o governo tenha subestimado os efeitos econômicos da pandemia de coronavírus. ""Nossas previsões estão em linha com o que o mercado apresentou. Trabalhamos com os dados que temos em mão, da forma mais cautelosa possível, e assim continuaremos"", afirmou. Waldery Rodrigues disse ainda que a mudança na meta neste ano é pela situação de calamidade pública causada pela doença. ""É diferente das oito vezes que ocorrem no passado"", completou.",2020-03-20 19:21:00,https://www.gazetadopovo.com.br/republica/breves/secretario-rebate-avaliacao-de-que-governo-tenha-subestimado-covid-19/
Damares pede auxílio para monitoramento de idosos por causa do coronavírus,"O Ministério da Mulher, da Família e dos Direitos Humanos pediu a colaboração dos conselhos estaduais e municipais da pessoa idosa de todo o Brasil, para que ajudem na sensibilização das secretarias de saúde em relação aos idosos devido à pandemia do novo coronavírus. O secretário Nacional de Promoção e Defesa dos Direitos da Pessoa Idosa  (SNDPI), Antonio Costa, gravou um vídeo nesta quarta-feira (18), em que fez um apelo aos conselheiros espalhados pelo país. “Vamos nos unir em favor da pessoa idosa! Nos ajudem nos atendimentos das ILPIs, onde estão  concentrados os idosos que foram, às vezes, abandonados, os idosos que  estão abrigados nesses locais”, disse. Confira o vídeo aqui.",2020-03-20 19:12:00,https://www.gazetadopovo.com.br/republica/breves/damares-pede-auxilio-para-monitoramento-de-idosos-por-causa-do-coronavirus/
Anvisa decide que compra de hidroxicloroquina exige receita médica,"A Agência Nacional de Vigilância Sanitária decidiu nesta sexta-feira (20) exigir apresentação de receita médica em farmácias para liberação de medicamentos com hidroxicloroquina, substância estudada como possível remédio para o novo coronavírus. O órgão afirma que a medida vai evitar que pacientes que já utilizam o medicamento corram o risco de ficar sem tratamento. ""A falta do produto pode deixar os pacientes com malária, lúpus e artrite reumatoide sem os tratamentos adequados"", diz a agência, que afirma ter recebido relatos de aumento da procura pelo produto após pesquisas indicarem que ele pode ajudar a tratar a nova doença. ""Apesar de alguns resultados promissores, não há nenhuma conclusão sobre o benefício do medicamento no tratamento do novo coronavírus"", diz a Anvisa, que não recomenda uso do produto no momento.",2020-03-20 19:02:00,https://www.gazetadopovo.com.br/republica/breves/anvisa-decide-que-compra-de-hidroxicloroquina-exige-receita-medica/
TRF4: desembargadora baixa valor da fiança para que homem possa deixar prisão,"Na esteira das medidas preventivas à propagação do novo coronavírus, a desembargadora federal Salise Monteiro Sanchotene, do Tribunal Regional Federal da 4ª Região (TRF4), reduziu de R$ 15 mil para R$ 1 mil o valor da fiança de um homem flagrado dirigindo um carro furtado com documentação falsa no interior de Santa Catarina. Ele estava preso há 25 dias por não ter como pagar. As informações são do TRF4. A decisão liminar foi tomada nesta quinta-feira (19) e, de acordo com a desembargadora federal, se baseou na Resolução 62 do Conselho Nacional de Justiça (CNJ), relativa à situação epidêmica de Covid-19 no território brasileiro, que traz recomendações e medidas preventivas à propagação do novo coronavírus no sistema prisional.",2020-03-20 18:49:00,https://www.gazetadopovo.com.br/republica/breves/desembargadora-baixa-valor-da-fianca-para-homem-deixar-prisao/
Regina Duarte prepara medidas para incentivar setor cultural durante pandemia,"Com a pandemia do coronavírus (Covid-19), a nova secretária de Cultura, Regina Duarte, apresentará na próxima semana uma série de medidas que darão suporte ao setor cultural. Segundo Regina, em um vídeo divulgado nesta sexta-feira (20), a Secretaria Especial de Cultura está preparando uma nova Instrução Normativa que estabelece que os proponentes conseguirão movimentar os recursos patrocinados, mesmo abaixo dos 20% captados. Além disso, ela afirmou que os projetos culturais poderão ser alterados e readequados na fase de execução. De acordo com o Antagonista, a secretária ainda trabalha uma proposta que trata sobre descontigencionamento do FNC e FSA. O texto será apresentado ao Ministério da Economia.",2020-03-20 18:28:00,https://www.gazetadopovo.com.br/republica/breves/regina-duarte-prepara-medidas-para-incentivar-setor-cultural-durante-pandemia/
Brasil tem 904 casos confirmados e 11 mortes por Covid-19,Atualização divulgada pelo Ministério da Saúde na tarde desta sexta-feria (20) aponta aumento de 45% nos casos confirmados de coronavírus no país entre ontem e hoje. O número de pacientes diagnosticados subiu de 621 para 904. As mortes provocadas pela Covid-19 são 11 conforme o balanço do governo federal. Desde a quarta-feira (18) a Saúde não atualiza o número de suspeitas de infecção.Siga a Gazeta do Povo no Instagram.,2020-03-20 18:05:00,https://www.gazetadopovo.com.br/republica/breves/brasil-casos-confirmados-mortes-covid-19/
"Final de semana vai ser teste para ver se população está colaborando, diz Mandetta","O ministro da Saúde, Luiz Henrique Mandetta, disse em coletiva, na tarde desta sexta-feira (20), que esse final de semana vai ser um grande teste para ver se as pessoas estão colaborando com o isolamento para evitar que o novo coronavírus se espalhe. “Acho que esse sábado, esse domingo, vai ser um grande teste de maturidade da população, um grande teste de entendimento das mensagens”, pontuou o ministro. Ele espera que as pessoas entendam e colaborem com a situação. A coletiva contou com a presença do presidente Jair Bolsonaro.",2020-03-20 18:00:00,https://www.gazetadopovo.com.br/republica/breves/mandetta-coronavirus-final-de-semana-vai-ser-teste-para-populacao/
Barroso diz que que “não sofre antes da hora” e não cogita adiar eleições,"O vice-presidente do Tribunal Superior Eleitoral (TSE), ministro Luís Roberto Barroso, disse ao Estado/Broadcast Político, sistema de notícias em tempo real do Grupo Estado, que não ""sofre antes da hora"", acredita que até outubro a pandemia do coronavírus ""estará sob controle"" e avalia que não há motivos para cogitar qualquer adiamento nas eleições municipais. O primeiro turno está marcado para 4 de outubro; o segundo, para 25 daquele mês. ""Tenho a firme expectativa de que até lá a situação do novo coronavírus estará sob controle. Se não estiver, aí será o caso de se pensarem alternativas. Eu trabalho com fatos, e não com especulações. E não sofro antes da hora. Na vida, a maior parte das coisas que a gente teme não acontecem"", disse Barroso à reportagem. O ministro assumirá o comando da Corte Eleitoral em maio deste ano, substituindo Rosa Weber, e chefiará o tribunal durante as eleições.",2020-03-20 17:11:00,https://www.gazetadopovo.com.br/republica/breves/barroso-diz-que-que-nao-sofre-antes-da-hora-e-nao-cogita-adiar-eleicoes/
Ministro da Saúde prevê “colapso” do sistema de saúde no fim de abril,"O ministro da Saúde, Luiz Henrique Mandetta, disse nesta sexta-feira (20) que o sistema de saúde brasileiro deve entrar em ""colapso"" no fim de abril. ""Às vezes a pessoa confunde colapso com sistemas caóticos, críticos. O colapso é quando você pode ter dinheiro, plano de saúde, ordem judicial, mas não há sistema para você entrar. É o que vivenciam a Itália e outros países do Primeiro Mundo hoje"", disse o ministro em videoconferência com empresários, da qual também participa o presidente Jair Bolsonaro. Ele disse que, para evitar tal colapso, pode ser necessário ""segurar a movimentação"" das pessoas. Segundo ele, uma medida restritiva como essa, com duração de 14 dias, terá impacto 28 dias depois, ""porque a cadeia de transmissão é sustentada e você quebra"". ""Estamos modelando com o ministro Braga Netto [Casa Civil] e Ministério da Economia, para ver se trabalhamos com algumas interrupções, caminhando um pouco, parando um pouco, segurando ao máximo os idosos, que são eles que levam ao colapso do sistema"", afirmou.",2020-03-20 16:21:00,https://www.gazetadopovo.com.br/republica/breves/ministro-da-saude-preve-colapso-do-sistema-de-saude-no-fim-de-abril/
